season;group;round;date;time;home_team;away_team;bye_team
2026/2027;A;1;11. 9. 2026;19:00;DC Štiky;DC Vlci;Sršni Vémyslice
2026/2027;A;1;11. 9. 2026;19:00;DC Rafani Hodonice;DC Krakeni Hrušovany n. J.;Sršni Vémyslice
2026/2027;A;1;11. 9. 2026;19:00;DC Dikobrazi Olbramovice;Lukovští Dravci;Sršni Vémyslice
2026/2027;A;1;11. 9. 2026;19:00;Loofci;Aligátoři Kuchařovice;Sršni Vémyslice
2026/2027;A;1;11. 9. 2026;19:00;DC Orli Drnholec;DC Medvědi Chvalovice;Sršni Vémyslice
2026/2027;A;2;25. 9. 2026;19:00;Sršni Vémyslice;DC Štiky;DC Rafani Hodonice
2026/2027;A;2;25. 9. 2026;19:00;DC Vlci;Lukovští Dravci;DC Rafani Hodonice
2026/2027;A;2;25. 9. 2026;19:00;DC Krakeni Hrušovany n. J.;Loofci;DC Rafani Hodonice
2026/2027;A;2;25. 9. 2026;19:00;DC Medvědi Chvalovice;DC Dikobrazi Olbramovice;DC Rafani Hodonice
2026/2027;A;2;25. 9. 2026;19:00;Aligátoři Kuchařovice;DC Orli Drnholec;DC Rafani Hodonice
2026/2027;A;3;2. 10. 2026;19:00;DC Rafani Hodonice;Sršni Vémyslice;Loofci
2026/2027;A;3;2. 10. 2026;19:00;Lukovští Dravci;DC Štiky;Loofci
2026/2027;A;3;2. 10. 2026;19:00;DC Medvědi Chvalovice;DC Vlci;Loofci
2026/2027;A;3;2. 10. 2026;19:00;DC Orli Drnholec;DC Krakeni Hrušovany n. J.;Loofci
2026/2027;A;3;2. 10. 2026;19:00;DC Dikobrazi Olbramovice;Aligátoři Kuchařovice;Loofci
2026/2027;A;4;16. 10. 2026;19:00;Sršni Vémyslice;Lukovští Dravci;DC Orli Drnholec
2026/2027;A;4;16. 10. 2026;19:00;DC Rafani Hodonice;Loofci;DC Orli Drnholec
2026/2027;A;4;16. 10. 2026;19:00;DC Štiky;DC Medvědi Chvalovice;DC Orli Drnholec
2026/2027;A;4;16. 10. 2026;19:00;Aligátoři Kuchařovice;DC Vlci;DC Orli Drnholec
2026/2027;A;4;16. 10. 2026;19:00;DC Krakeni Hrušovany n. J.;DC Dikobrazi Olbramovice;DC Orli Drnholec
2026/2027;A;5;30. 10. 2026;19:00;Sršni Vémyslice;Loofci;DC Dikobrazi Olbramovice
2026/2027;A;5;30. 10. 2026;19:00;Lukovští Dravci;DC Medvědi Chvalovice;DC Dikobrazi Olbramovice
2026/2027;A;5;30. 10. 2026;19:00;DC Orli Drnholec;DC Rafani Hodonice;DC Dikobrazi Olbramovice
2026/2027;A;5;30. 10. 2026;19:00;DC Štiky;Aligátoři Kuchařovice;DC Dikobrazi Olbramovice
2026/2027;A;5;30. 10. 2026;19:00;DC Vlci;DC Krakeni Hrušovany n. J.;DC Dikobrazi Olbramovice
2026/2027;A;6;13. 11. 2026;19:00;DC Medvědi Chvalovice;Sršni Vémyslice;DC Vlci
2026/2027;A;6;13. 11. 2026;19:00;Loofci;DC Orli Drnholec;DC Vlci
2026/2027;A;6;13. 11. 2026;19:00;Aligátoři Kuchařovice;Lukovští Dravci;DC Vlci
2026/2027;A;6;13. 11. 2026;19:00;DC Dikobrazi Olbramovice;DC Rafani Hodonice;DC Vlci
2026/2027;A;6;13. 11. 2026;19:00;DC Krakeni Hrušovany n. J.;DC Štiky;DC Vlci
2026/2027;A;7;27. 11. 2026;19:00;Sršni Vémyslice;DC Orli Drnholec;DC Štiky
2026/2027;A;7;27. 11. 2026;19:00;DC Medvědi Chvalovice;Aligátoři Kuchařovice;DC Štiky
2026/2027;A;7;27. 11. 2026;19:00;Loofci;DC Dikobrazi Olbramovice;DC Štiky
2026/2027;A;7;27. 11. 2026;19:00;Lukovští Dravci;DC Krakeni Hrušovany n. J.;DC Štiky
2026/2027;A;7;27. 11. 2026;19:00;DC Vlci;DC Rafani Hodonice;DC Štiky
2026/2027;A;8;11. 12. 2026;19:00;Aligátoři Kuchařovice;Sršni Vémyslice;Lukovští Dravci
2026/2027;A;8;11. 12. 2026;19:00;DC Orli Drnholec;DC Dikobrazi Olbramovice;Lukovští Dravci
2026/2027;A;8;11. 12. 2026;19:00;DC Krakeni Hrušovany n. J.;DC Medvědi Chvalovice;Lukovští Dravci
2026/2027;A;8;11. 12. 2026;19:00;Loofci;DC Vlci;Lukovští Dravci
2026/2027;A;8;11. 12. 2026;19:00;DC Rafani Hodonice;DC Štiky;Lukovští Dravci
2026/2027;A;9;18. 12. 2026;19:00;DC Dikobrazi Olbramovice;Sršni Vémyslice;DC Medvědi Chvalovice
2026/2027;A;9;18. 12. 2026;19:00;DC Krakeni Hrušovany n. J.;Aligátoři Kuchařovice;DC Medvědi Chvalovice
2026/2027;A;9;18. 12. 2026;19:00;DC Vlci;DC Orli Drnholec;DC Medvědi Chvalovice
2026/2027;A;9;18. 12. 2026;19:00;DC Štiky;Loofci;DC Medvědi Chvalovice
2026/2027;A;9;18. 12. 2026;19:00;Lukovští Dravci;DC Rafani Hodonice;DC Medvědi Chvalovice
2026/2027;A;10;8. 1. 2027;19:00;Sršni Vémyslice;DC Krakeni Hrušovany n. J.;Aligátoři Kuchařovice
2026/2027;A;10;8. 1. 2027;19:00;DC Dikobrazi Olbramovice;DC Vlci;Aligátoři Kuchařovice
2026/2027;A;10;8. 1. 2027;19:00;DC Orli Drnholec;DC Štiky;Aligátoři Kuchařovice
2026/2027;A;10;8. 1. 2027;19:00;DC Rafani Hodonice;DC Medvědi Chvalovice;Aligátoři Kuchařovice
2026/2027;A;10;8. 1. 2027;19:00;Loofci;Lukovští Dravci;Aligátoři Kuchařovice
2026/2027;A;11;22. 1. 2027;19:00;DC Vlci;Sršni Vémyslice;DC Krakeni Hrušovany n. J.
2026/2027;A;11;22. 1. 2027;19:00;DC Štiky;DC Dikobrazi Olbramovice;DC Krakeni Hrušovany n. J.
2026/2027;A;11;22. 1. 2027;19:00;Aligátoři Kuchařovice;DC Rafani Hodonice;DC Krakeni Hrušovany n. J.
2026/2027;A;11;22. 1. 2027;19:00;Lukovští Dravci;DC Orli Drnholec;DC Krakeni Hrušovany n. J.
2026/2027;A;11;22. 1. 2027;19:00;DC Medvědi Chvalovice;Loofci;DC Krakeni Hrušovany n. J.
2026/2027;A;12;5. 2. 2027;19:00;DC Vlci;DC Štiky;Sršni Vémyslice
2026/2027;A;12;5. 2. 2027;19:00;DC Krakeni Hrušovany n. J.;DC Rafani Hodonice;Sršni Vémyslice
2026/2027;A;12;5. 2. 2027;19:00;Lukovští Dravci;DC Dikobrazi Olbramovice;Sršni Vémyslice
2026/2027;A;12;5. 2. 2027;19:00;Aligátoři Kuchařovice;Loofci;Sršni Vémyslice
2026/2027;A;12;5. 2. 2027;19:00;DC Medvědi Chvalovice;DC Orli Drnholec;Sršni Vémyslice
2026/2027;A;13;12. 2. 2027;19:00;DC Štiky;Sršni Vémyslice;DC Rafani Hodonice
2026/2027;A;13;12. 2. 2027;19:00;Lukovští Dravci;DC Vlci;DC Rafani Hodonice
2026/2027;A;13;12. 2. 2027;19:00;Loofci;DC Krakeni Hrušovany n. J.;DC Rafani Hodonice
2026/2027;A;13;12. 2. 2027;19:00;DC Dikobrazi Olbramovice;DC Medvědi Chvalovice;DC Rafani Hodonice
2026/2027;A;13;12. 2. 2027;19:00;DC Orli Drnholec;Aligátoři Kuchařovice;DC Rafani Hodonice
2026/2027;A;14;26. 2. 2027;19:00;Sršni Vémyslice;DC Rafani Hodonice;Loofci
2026/2027;A;14;26. 2. 2027;19:00;DC Štiky;Lukovští Dravci;Loofci
2026/2027;A;14;26. 2. 2027;19:00;DC Vlci;DC Medvědi Chvalovice;Loofci
2026/2027;A;14;26. 2. 2027;19:00;DC Krakeni Hrušovany n. J.;DC Orli Drnholec;Loofci
2026/2027;A;14;26. 2. 2027;19:00;Aligátoři Kuchařovice;DC Dikobrazi Olbramovice;Loofci
2026/2027;A;15;12. 3. 2027;19:00;Lukovští Dravci;Sršni Vémyslice;DC Orli Drnholec
2026/2027;A;15;12. 3. 2027;19:00;Loofci;DC Rafani Hodonice;DC Orli Drnholec
2026/2027;A;15;12. 3. 2027;19:00;DC Medvědi Chvalovice;DC Štiky;DC Orli Drnholec
2026/2027;A;15;12. 3. 2027;19:00;DC Vlci;Aligátoři Kuchařovice;DC Orli Drnholec
2026/2027;A;15;12. 3. 2027;19:00;DC Dikobrazi Olbramovice;DC Krakeni Hrušovany n. J.;DC Orli Drnholec
2026/2027;A;16;26. 3. 2027;19:00;Loofci;Sršni Vémyslice;DC Dikobrazi Olbramovice
2026/2027;A;16;26. 3. 2027;19:00;DC Medvědi Chvalovice;Lukovští Dravci;DC Dikobrazi Olbramovice
2026/2027;A;16;26. 3. 2027;19:00;DC Rafani Hodonice;DC Orli Drnholec;DC Dikobrazi Olbramovice
2026/2027;A;16;26. 3. 2027;19:00;Aligátoři Kuchařovice;DC Štiky;DC Dikobrazi Olbramovice
2026/2027;A;16;26. 3. 2027;19:00;DC Krakeni Hrušovany n. J.;DC Vlci;DC Dikobrazi Olbramovice
2026/2027;A;17;2. 4. 2027;19:00;Sršni Vémyslice;DC Medvědi Chvalovice;DC Vlci
2026/2027;A;17;2. 4. 2027;19:00;DC Orli Drnholec;Loofci;DC Vlci
2026/2027;A;17;2. 4. 2027;19:00;Lukovští Dravci;Aligátoři Kuchařovice;DC Vlci
2026/2027;A;17;2. 4. 2027;19:00;DC Rafani Hodonice;DC Dikobrazi Olbramovice;DC Vlci
2026/2027;A;17;2. 4. 2027;19:00;DC Štiky;DC Krakeni Hrušovany n. J.;DC Vlci
2026/2027;A;18;16. 4. 2027;19:00;DC Orli Drnholec;Sršni Vémyslice;DC Štiky
2026/2027;A;18;16. 4. 2027;19:00;Aligátoři Kuchařovice;DC Medvědi Chvalovice;DC Štiky
2026/2027;A;18;16. 4. 2027;19:00;DC Dikobrazi Olbramovice;Loofci;DC Štiky
2026/2027;A;18;16. 4. 2027;19:00;DC Krakeni Hrušovany n. J.;Lukovští Dravci;DC Štiky
2026/2027;A;18;16. 4. 2027;19:00;DC Rafani Hodonice;DC Vlci;DC Štiky
2026/2027;A;19;30. 4. 2027;19:00;Sršni Vémyslice;Aligátoři Kuchařovice;Lukovští Dravci
2026/2027;A;19;30. 4. 2027;19:00;DC Dikobrazi Olbramovice;DC Orli Drnholec;Lukovští Dravci
2026/2027;A;19;30. 4. 2027;19:00;DC Medvědi Chvalovice;DC Krakeni Hrušovany n. J.;Lukovští Dravci
2026/2027;A;19;30. 4. 2027;19:00;DC Vlci;Loofci;Lukovští Dravci
2026/2027;A;19;30. 4. 2027;19:00;DC Štiky;DC Rafani Hodonice;Lukovští Dravci
2026/2027;A;20;7. 5. 2027;19:00;Sršni Vémyslice;DC Dikobrazi Olbramovice;DC Medvědi Chvalovice
2026/2027;A;20;7. 5. 2027;19:00;Aligátoři Kuchařovice;DC Krakeni Hrušovany n. J.;DC Medvědi Chvalovice
2026/2027;A;20;7. 5. 2027;19:00;DC Orli Drnholec;DC Vlci;DC Medvědi Chvalovice
2026/2027;A;20;7. 5. 2027;19:00;Loofci;DC Štiky;DC Medvědi Chvalovice
2026/2027;A;20;7. 5. 2027;19:00;DC Rafani Hodonice;Lukovští Dravci;DC Medvědi Chvalovice
2026/2027;A;21;21. 5. 2027;19:00;DC Krakeni Hrušovany n. J.;Sršni Vémyslice;Aligátoři Kuchařovice
2026/2027;A;21;21. 5. 2027;19:00;DC Vlci;DC Dikobrazi Olbramovice;Aligátoři Kuchařovice
2026/2027;A;21;21. 5. 2027;19:00;DC Štiky;DC Orli Drnholec;Aligátoři Kuchařovice
2026/2027;A;21;21. 5. 2027;19:00;DC Medvědi Chvalovice;DC Rafani Hodonice;Aligátoři Kuchařovice
2026/2027;A;21;21. 5. 2027;19:00;Lukovští Dravci;Loofci;Aligátoři Kuchařovice
2026/2027;A;22;4. 6. 2027;19:00;Sršni Vémyslice;DC Vlci;DC Krakeni Hrušovany n. J.
2026/2027;A;22;4. 6. 2027;19:00;DC Dikobrazi Olbramovice;DC Štiky;DC Krakeni Hrušovany n. J.
2026/2027;A;22;4. 6. 2027;19:00;DC Rafani Hodonice;Aligátoři Kuchařovice;DC Krakeni Hrušovany n. J.
2026/2027;A;22;4. 6. 2027;19:00;DC Orli Drnholec;Lukovští Dravci;DC Krakeni Hrušovany n. J.
2026/2027;A;22;4. 6. 2027;19:00;Loofci;DC Medvědi Chvalovice;DC Krakeni Hrušovany n. J.
2026/2027;B;1;11. 9. 2026;19:00;Beny Club;DC Kobry Ivančice;DC Sklípkani Šanov
2026/2027;B;1;11. 9. 2026;19:00;DC Šneci;Oktopus Křídlůvky;DC Sklípkani Šanov
2026/2027;B;1;11. 9. 2026;19:00;DC Draci Rešice;Corleone Darts;DC Sklípkani Šanov
2026/2027;B;1;11. 9. 2026;19:00;DC Sloni Ivančice;DC Rytíři;DC Sklípkani Šanov
2026/2027;B;1;11. 9. 2026;19:00;DC Fretky Rosice;DC Kohouti Mackovice;DC Sklípkani Šanov
2026/2027;B;2;25. 9. 2026;19:00;DC Kobry Ivančice;DC Sklípkani Šanov;DC Šneci
2026/2027;B;2;25. 9. 2026;19:00;Corleone Darts;Beny Club;DC Šneci
2026/2027;B;2;25. 9. 2026;19:00;Oktopus Křídlůvky;DC Sloni Ivančice;DC Šneci
2026/2027;B;2;25. 9. 2026;19:00;DC Kohouti Mackovice;DC Draci Rešice;DC Šneci
2026/2027;B;2;25. 9. 2026;19:00;DC Rytíři;DC Fretky Rosice;DC Šneci
2026/2027;B;3;2. 10. 2026;19:00;DC Sklípkani Šanov;DC Šneci;DC Sloni Ivančice
2026/2027;B;3;2. 10. 2026;19:00;DC Kobry Ivančice;Corleone Darts;DC Sloni Ivančice
2026/2027;B;3;2. 10. 2026;19:00;Beny Club;DC Kohouti Mackovice;DC Sloni Ivančice
2026/2027;B;3;2. 10. 2026;19:00;DC Fretky Rosice;Oktopus Křídlůvky;DC Sloni Ivančice
2026/2027;B;3;2. 10. 2026;19:00;DC Draci Rešice;DC Rytíři;DC Sloni Ivančice
2026/2027;B;4;16. 10. 2026;19:00;Corleone Darts;DC Sklípkani Šanov;DC Fretky Rosice
2026/2027;B;4;16. 10. 2026;19:00;DC Sloni Ivančice;DC Šneci;DC Fretky Rosice
2026/2027;B;4;16. 10. 2026;19:00;DC Kohouti Mackovice;DC Kobry Ivančice;DC Fretky Rosice
2026/2027;B;4;16. 10. 2026;19:00;DC Rytíři;Beny Club;DC Fretky Rosice
2026/2027;B;4;16. 10. 2026;19:00;Oktopus Křídlůvky;DC Draci Rešice;DC Fretky Rosice
2026/2027;B;5;30. 10. 2026;19:00;DC Sklípkani Šanov;DC Sloni Ivančice;DC Draci Rešice
2026/2027;B;5;30. 10. 2026;19:00;DC Kohouti Mackovice;Corleone Darts;DC Draci Rešice
2026/2027;B;5;30. 10. 2026;19:00;DC Šneci;DC Fretky Rosice;DC Draci Rešice
2026/2027;B;5;30. 10. 2026;19:00;DC Kobry Ivančice;DC Rytíři;DC Draci Rešice
2026/2027;B;5;30. 10. 2026;19:00;Beny Club;Oktopus Křídlůvky;DC Draci Rešice
2026/2027;B;6;13. 11. 2026;19:00;DC Sklípkani Šanov;DC Kohouti Mackovice;Beny Club
2026/2027;B;6;13. 11. 2026;19:00;DC Sloni Ivančice;DC Fretky Rosice;Beny Club
2026/2027;B;6;13. 11. 2026;19:00;DC Rytíři;Corleone Darts;Beny Club
2026/2027;B;6;13. 11. 2026;19:00;DC Šneci;DC Draci Rešice;Beny Club
2026/2027;B;6;13. 11. 2026;19:00;Oktopus Křídlůvky;DC Kobry Ivančice;Beny Club
2026/2027;B;7;27. 11. 2026;19:00;DC Fretky Rosice;DC Sklípkani Šanov;DC Kobry Ivančice
2026/2027;B;7;27. 11. 2026;19:00;DC Kohouti Mackovice;DC Rytíři;DC Kobry Ivančice
2026/2027;B;7;27. 11. 2026;19:00;DC Draci Rešice;DC Sloni Ivančice;DC Kobry Ivančice
2026/2027;B;7;27. 11. 2026;19:00;Corleone Darts;Oktopus Křídlůvky;DC Kobry Ivančice
2026/2027;B;7;27. 11. 2026;19:00;Beny Club;DC Šneci;DC Kobry Ivančice
2026/2027;B;8;11. 12. 2026;19:00;DC Sklípkani Šanov;DC Rytíři;Corleone Darts
2026/2027;B;8;11. 12. 2026;19:00;DC Fretky Rosice;DC Draci Rešice;Corleone Darts
2026/2027;B;8;11. 12. 2026;19:00;Oktopus Křídlůvky;DC Kohouti Mackovice;Corleone Darts
2026/2027;B;8;11. 12. 2026;19:00;DC Sloni Ivančice;Beny Club;Corleone Darts
2026/2027;B;8;11. 12. 2026;19:00;DC Šneci;DC Kobry Ivančice;Corleone Darts
2026/2027;B;9;18. 12. 2026;19:00;DC Draci Rešice;DC Sklípkani Šanov;DC Kohouti Mackovice
2026/2027;B;9;18. 12. 2026;19:00;DC Rytíři;Oktopus Křídlůvky;DC Kohouti Mackovice
2026/2027;B;9;18. 12. 2026;19:00;Beny Club;DC Fretky Rosice;DC Kohouti Mackovice
2026/2027;B;9;18. 12. 2026;19:00;DC Kobry Ivančice;DC Sloni Ivančice;DC Kohouti Mackovice
2026/2027;B;9;18. 12. 2026;19:00;Corleone Darts;DC Šneci;DC Kohouti Mackovice
2026/2027;B;10;8. 1. 2027;19:00;Oktopus Křídlůvky;DC Sklípkani Šanov;DC Rytíři
2026/2027;B;10;8. 1. 2027;19:00;DC Draci Rešice;Beny Club;DC Rytíři
2026/2027;B;10;8. 1. 2027;19:00;DC Fretky Rosice;DC Kobry Ivančice;DC Rytíři
2026/2027;B;10;8. 1. 2027;19:00;DC Šneci;DC Kohouti Mackovice;DC Rytíři
2026/2027;B;10;8. 1. 2027;19:00;DC Sloni Ivančice;Corleone Darts;DC Rytíři
2026/2027;B;11;22. 1. 2027;19:00;DC Sklípkani Šanov;Beny Club;Oktopus Křídlůvky
2026/2027;B;11;22. 1. 2027;19:00;DC Kobry Ivančice;DC Draci Rešice;Oktopus Křídlůvky
2026/2027;B;11;22. 1. 2027;19:00;DC Rytíři;DC Šneci;Oktopus Křídlůvky
2026/2027;B;11;22. 1. 2027;19:00;Corleone Darts;DC Fretky Rosice;Oktopus Křídlůvky
2026/2027;B;11;22. 1. 2027;19:00;DC Kohouti Mackovice;DC Sloni Ivančice;Oktopus Křídlůvky
2026/2027;B;12;5. 2. 2027;19:00;DC Kobry Ivančice;Beny Club;DC Sklípkani Šanov
2026/2027;B;12;5. 2. 2027;19:00;Oktopus Křídlůvky;DC Šneci;DC Sklípkani Šanov
2026/2027;B;12;5. 2. 2027;19:00;Corleone Darts;DC Draci Rešice;DC Sklípkani Šanov
2026/2027;B;12;5. 2. 2027;19:00;DC Rytíři;DC Sloni Ivančice;DC Sklípkani Šanov
2026/2027;B;12;5. 2. 2027;19:00;DC Kohouti Mackovice;DC Fretky Rosice;DC Sklípkani Šanov
2026/2027;B;13;12. 2. 2027;19:00;DC Sklípkani Šanov;DC Kobry Ivančice;DC Šneci
2026/2027;B;13;12. 2. 2027;19:00;Beny Club;Corleone Darts;DC Šneci
2026/2027;B;13;12. 2. 2027;19:00;DC Sloni Ivančice;Oktopus Křídlůvky;DC Šneci
2026/2027;B;13;12. 2. 2027;19:00;DC Draci Rešice;DC Kohouti Mackovice;DC Šneci
2026/2027;B;13;12. 2. 2027;19:00;DC Fretky Rosice;DC Rytíři;DC Šneci
2026/2027;B;14;26. 2. 2027;19:00;DC Šneci;DC Sklípkani Šanov;DC Sloni Ivančice
2026/2027;B;14;26. 2. 2027;19:00;Corleone Darts;DC Kobry Ivančice;DC Sloni Ivančice
2026/2027;B;14;26. 2. 2027;19:00;DC Kohouti Mackovice;Beny Club;DC Sloni Ivančice
2026/2027;B;14;26. 2. 2027;19:00;Oktopus Křídlůvky;DC Fretky Rosice;DC Sloni Ivančice
2026/2027;B;14;26. 2. 2027;19:00;DC Rytíři;DC Draci Rešice;DC Sloni Ivančice
2026/2027;B;15;12. 3. 2027;19:00;DC Sklípkani Šanov;Corleone Darts;DC Fretky Rosice
2026/2027;B;15;12. 3. 2027;19:00;DC Šneci;DC Sloni Ivančice;DC Fretky Rosice
2026/2027;B;15;12. 3. 2027;19:00;DC Kobry Ivančice;DC Kohouti Mackovice;DC Fretky Rosice
2026/2027;B;15;12. 3. 2027;19:00;Beny Club;DC Rytíři;DC Fretky Rosice
2026/2027;B;15;12. 3. 2027;19:00;DC Draci Rešice;Oktopus Křídlůvky;DC Fretky Rosice
2026/2027;B;16;26. 3. 2027;19:00;DC Sloni Ivančice;DC Sklípkani Šanov;DC Draci Rešice
2026/2027;B;16;26. 3. 2027;19:00;Corleone Darts;DC Kohouti Mackovice;DC Draci Rešice
2026/2027;B;16;26. 3. 2027;19:00;DC Fretky Rosice;DC Šneci;DC Draci Rešice
2026/2027;B;16;26. 3. 2027;19:00;DC Rytíři;DC Kobry Ivančice;DC Draci Rešice
2026/2027;B;16;26. 3. 2027;19:00;Oktopus Křídlůvky;Beny Club;DC Draci Rešice
2026/2027;B;17;2. 4. 2027;19:00;DC Kohouti Mackovice;DC Sklípkani Šanov;Beny Club
2026/2027;B;17;2. 4. 2027;19:00;DC Fretky Rosice;DC Sloni Ivančice;Beny Club
2026/2027;B;17;2. 4. 2027;19:00;Corleone Darts;DC Rytíři;Beny Club
2026/2027;B;17;2. 4. 2027;19:00;DC Draci Rešice;DC Šneci;Beny Club
2026/2027;B;17;2. 4. 2027;19:00;DC Kobry Ivančice;Oktopus Křídlůvky;Beny Club
2026/2027;B;18;16. 4. 2027;19:00;DC Sklípkani Šanov;DC Fretky Rosice;DC Kobry Ivančice
2026/2027;B;18;16. 4. 2027;19:00;DC Rytíři;DC Kohouti Mackovice;DC Kobry Ivančice
2026/2027;B;18;16. 4. 2027;19:00;DC Sloni Ivančice;DC Draci Rešice;DC Kobry Ivančice
2026/2027;B;18;16. 4. 2027;19:00;Oktopus Křídlůvky;Corleone Darts;DC Kobry Ivančice
2026/2027;B;18;16. 4. 2027;19:00;DC Šneci;Beny Club;DC Kobry Ivančice
2026/2027;B;19;30. 4. 2027;19:00;DC Rytíři;DC Sklípkani Šanov;Corleone Darts
2026/2027;B;19;30. 4. 2027;19:00;DC Draci Rešice;DC Fretky Rosice;Corleone Darts
2026/2027;B;19;30. 4. 2027;19:00;DC Kohouti Mackovice;Oktopus Křídlůvky;Corleone Darts
2026/2027;B;19;30. 4. 2027;19:00;Beny Club;DC Sloni Ivančice;Corleone Darts
2026/2027;B;19;30. 4. 2027;19:00;DC Kobry Ivančice;DC Šneci;Corleone Darts
2026/2027;B;20;7. 5. 2027;19:00;DC Sklípkani Šanov;DC Draci Rešice;DC Kohouti Mackovice
2026/2027;B;20;7. 5. 2027;19:00;Oktopus Křídlůvky;DC Rytíři;DC Kohouti Mackovice
2026/2027;B;20;7. 5. 2027;19:00;DC Fretky Rosice;Beny Club;DC Kohouti Mackovice
2026/2027;B;20;7. 5. 2027;19:00;DC Sloni Ivančice;DC Kobry Ivančice;DC Kohouti Mackovice
2026/2027;B;20;7. 5. 2027;19:00;DC Šneci;Corleone Darts;DC Kohouti Mackovice
2026/2027;B;21;21. 5. 2027;19:00;DC Sklípkani Šanov;Oktopus Křídlůvky;DC Rytíři
2026/2027;B;21;21. 5. 2027;19:00;Beny Club;DC Draci Rešice;DC Rytíři
2026/2027;B;21;21. 5. 2027;19:00;DC Kobry Ivančice;DC Fretky Rosice;DC Rytíři
2026/2027;B;21;21. 5. 2027;19:00;DC Kohouti Mackovice;DC Šneci;DC Rytíři
2026/2027;B;21;21. 5. 2027;19:00;Corleone Darts;DC Sloni Ivančice;DC Rytíři
2026/2027;B;22;4. 6. 2027;19:00;Beny Club;DC Sklípkani Šanov;Oktopus Křídlůvky
2026/2027;B;22;4. 6. 2027;19:00;DC Draci Rešice;DC Kobry Ivančice;Oktopus Křídlůvky
2026/2027;B;22;4. 6. 2027;19:00;DC Šneci;DC Rytíři;Oktopus Křídlůvky
2026/2027;B;22;4. 6. 2027;19:00;DC Fretky Rosice;Corleone Darts;Oktopus Křídlůvky
2026/2027;B;22;4. 6. 2027;19:00;DC Sloni Ivančice;DC Kohouti Mackovice;Oktopus Křídlůvky
